,eval_loss,eval_precision,eval_recall,eval_f1,eval_rouge-1,eval_rouge-2,eval_rouge-l,eval_bleu,eval_cosine_similarity,eval_sentence_movers_similarity,eval_latency,eval_memory_usage,eval_runtime,eval_samples_per_second,eval_steps_per_second
0,2.3893375396728516,0.4728133761475548,0.38060707361760965,0.42172909147490295,0.44087460170169634,0.21617328497011468,0.42995319954975897,0.09920742949918705,0.6853217331513908,0.7375150379787881,422.6272118091583,8533.8125,433.958,1.604,0.401
